"","YEAR_CD","YM_CD","SD_NM","SIGUNGU_NM","DONG_CD","DONG_NM","MK_NUM","SMK_NUM","OP_MK_NUM","CLS_MK_NUM","FRC_MK_NUM","OP_RATE","CLS_RATE","DT","IN","OUT","PARKING"
"1",2021,202112,"서울","강남구",11680510,"신사동",2980,3591,128,108,611,0.0429530201342282,0.036241610738255,8578,2158,2711,1195
"2",2021,202112,"서울","강남구",11680521,"논현1동",5005,5923,231,244,918,0.0461538461538462,0.0487512487512488,18162,5141,5967,2084
"3",2021,202112,"서울","강남구",11680531,"논현2동",2942,3497,187,145,555,0.0635622025832767,0.0492861998640381,14511,4171,4824,2114
"4",2021,202112,"서울","강남구",11680545,"압구정동",5405,5920,253,183,515,0.0468085106382979,0.0338575393154487,10453,3332,4130,1025
"5",2021,202112,"서울","강남구",11680565,"청담동",1968,2274,78,75,306,0.0396341463414634,0.038109756097561,11121,3654,4773,1538
"6",2021,202112,"서울","강남구",11680580,"삼성1동",1343,1965,27,40,622,0.0201042442293373,0.0297840655249442,6771,1956,2392,792
"7",2021,202112,"서울","강남구",11680590,"삼성2동",5395,6762,230,218,1367,0.0426320667284523,0.0404077849860982,24752,5861,5404,1175
"8",2021,202112,"서울","강남구",11680600,"대치1동",270,402,8,14,132,0.0296296296296296,0.0518518518518519,30632,2965,3610,129
"9",2021,202112,"서울","강남구",11680610,"대치2동",1223,1602,28,40,379,0.0228945216680294,0.0327064595257563,18332,6859,7825,677
"10",2021,202112,"서울","강남구",11680630,"대치4동",1716,2308,85,76,592,0.0495337995337995,0.0442890442890443,27505,4592,5101,1279
"11",2021,202112,"서울","강남구",11680640,"역삼1동",7494,8921,414,317,1427,0.055244195356285,0.0423005070723245,15570,10578,10648,3505
"12",2021,202112,"서울","강남구",11680650,"역삼2동",584,650,39,31,66,0.0667808219178082,0.0530821917808219,31633,6092,6470,1047
"13",2021,202112,"서울","강남구",11680655,"도곡1동",59,71,1,4,12,0.0169491525423729,0.0677966101694915,21117,2929,3583,438
"14",2021,202112,"서울","강남구",11680656,"도곡2동",654,785,35,19,131,0.0535168195718654,0.0290519877675841,32609,3883,4652,333
"15",2021,202112,"서울","강남구",11680670,"개포2동",372,529,20,11,157,0.0537634408602151,0.0295698924731183,11133,9853,4191,114
"16",2021,202112,"서울","강남구",11680690,"개포4동",410,484,13,6,74,0.0317073170731707,0.0146341463414634,16020,4408,3308,997
"17",2021,202112,"서울","강남구",11680700,"세곡동",349,552,25,21,203,0.0716332378223496,0.0601719197707736,6823,5417,6506,547
"18",2021,202112,"서울","강남구",11680730,"일원1동",541,721,15,13,180,0.0277264325323475,0.0240295748613678,16537,1967,2498,857
"19",2021,202112,"서울","강남구",11680750,"수서동",387,592,15,15,205,0.0387596899224806,0.0387596899224806,10399,1802,2137,91
"20",2021,202112,"서울","강동구",11740515,"강일동",89,155,5,6,66,0.0561797752808989,0.0674157303370786,14594,8494,3277,113
"21",2021,202112,"서울","강동구",11740520,"상일동",577,659,19,17,82,0.0329289428076256,0.0294627383015598,33579,12333,4712,591
"22",2021,202112,"서울","강동구",11740530,"명일1동",885,1139,44,44,254,0.0497175141242938,0.0497175141242938,42526,3917,4453,588
"23",2021,202112,"서울","강동구",11740540,"명일2동",510,778,35,23,268,0.0686274509803922,0.0450980392156863,18111,2815,2723,376
"24",2021,202112,"서울","강동구",11740550,"고덕1동",233,302,14,13,69,0.0600858369098712,0.055793991416309,14114,3187,4865,901
"25",2021,202112,"서울","강동구",11740560,"고덕2동",354,466,27,14,112,0.076271186440678,0.0395480225988701,11109,3677,4061,1280
"26",2021,202112,"서울","강동구",11740570,"암사1동",831,932,40,31,101,0.0481347773766546,0.0373044524669073,34100,4722,5437,2052
"27",2021,202112,"서울","강동구",11740580,"암사2동",424,586,22,21,162,0.0518867924528302,0.0495283018867925,12925,2196,2428,356
"28",2021,202112,"서울","강동구",11740600,"천호1동",673,885,48,29,212,0.0713224368499257,0.0430906389301634,37990,3845,4482,1550
"29",2021,202112,"서울","강동구",11740610,"천호2동",2715,3293,125,108,578,0.0460405156537753,0.0397790055248619,21499,5310,6557,1936
"30",2021,202112,"서울","강동구",11740620,"천호3동",426,463,27,18,37,0.0633802816901408,0.0422535211267606,34177,5240,5205,763
"31",2021,202112,"서울","강동구",11740640,"성내1동",1067,1262,49,46,195,0.0459231490159325,0.0431115276476101,34560,2879,3240,778
"32",2021,202112,"서울","강동구",11740650,"성내2동",919,1051,28,25,132,0.0304678998911861,0.0272034820457018,35979,3860,4521,1225
"33",2021,202112,"서울","강동구",11740660,"성내3동",1758,1998,67,78,240,0.0381114903299204,0.0443686006825939,32882,3639,3892,1309
"34",2021,202112,"서울","강동구",11740685,"길동",2326,2799,124,109,473,0.0533104041272571,0.0468615649183147,21186,6781,7559,1781
"35",2021,202112,"서울","강동구",11740700,"둔촌2동",577,657,22,28,80,0.0381282495667244,0.048526863084922,25291,2990,4584,866
"36",2021,202112,"서울","강북구",11305534,"삼양동",277,334,10,12,57,0.036101083032491,0.0433212996389892,26156,2699,3377,673
"37",2021,202112,"서울","강북구",11305535,"미아동",1139,1335,51,39,196,0.0447761194029851,0.0342405618964004,23653,3202,3711,951
"38",2021,202112,"서울","강북구",11305545,"송중동",1077,1342,58,63,265,0.0538532961931291,0.0584958217270195,29738,3499,4115,1089
"39",2021,202112,"서울","강북구",11305555,"송천동",807,910,38,40,103,0.047087980173482,0.0495662949194548,29779,3055,3791,967
"40",2021,202112,"서울","강북구",11305575,"삼각산동",242,276,7,4,34,0.0289256198347107,0.0165289256198347,50758,2959,3374,46
"41",2021,202112,"서울","강북구",11305590,"번1동",704,773,41,32,69,0.0582386363636364,0.0454545454545455,28359,2796,3293,1061
"42",2021,202112,"서울","강북구",11305600,"번2동",76,76,0,0,0,0,0,16771,1533,1949,495
"43",2021,202112,"서울","강북구",11305606,"번3동",67,75,1,2,8,0.0149253731343284,0.0298507462686567,15368,1396,1933,127
"44",2021,202112,"서울","강북구",11305610,"수유1동",793,854,52,39,61,0.0655737704918033,0.0491803278688525,12484,2843,3186,986
"45",2021,202112,"서울","강북구",11305620,"수유2동",566,643,32,30,77,0.0565371024734982,0.0530035335689046,37581,2602,2673,809
"46",2021,202112,"서울","강북구",11305630,"수유3동",3120,3666,129,125,546,0.0413461538461538,0.0400641025641026,32490,3904,4212,1312
"47",2021,202112,"서울","강북구",11305645,"우이동",697,801,25,25,104,0.0358680057388809,0.0358680057388809,2011,2950,2999,1111
"48",2021,202112,"서울","강북구",11305660,"인수동",544,606,25,18,62,0.0459558823529412,0.0330882352941176,9318,3619,4348,1604
"49",2021,202112,"서울","강서구",11500510,"염창동",94,110,0,2,16,0,0.0212765957446809,24002,5099,5513,432
"50",2021,202112,"서울","강서구",11500520,"등촌1동",454,506,20,16,52,0.0440528634361234,0.0352422907488987,38181,4925,4867,514
"51",2021,202112,"서울","강서구",11500530,"등촌2동",63,71,3,2,8,0.0476190476190476,0.0317460317460317,22199,2541,3319,867
"52",2021,202112,"서울","강서구",11500535,"등촌3동",760,994,51,48,234,0.0671052631578947,0.0631578947368421,38878,3485,4273,242
"53",2021,202112,"서울","강서구",11500540,"화곡1동",2680,3241,133,123,561,0.0496268656716418,0.0458955223880597,47116,9008,9428,2622
"54",2021,202112,"서울","강서구",11500550,"화곡2동",318,383,25,19,65,0.0786163522012579,0.059748427672956,40213,2433,2904,1055
"55",2021,202112,"서울","강서구",11500560,"화곡3동",400,443,35,29,43,0.0875,0.0725,40870,3201,3310,1096
"56",2021,202112,"서울","강서구",11500570,"화곡4동",1237,1442,69,51,205,0.0557801131770412,0.0412287793047696,25390,2412,2902,1416
"57",2021,202112,"서울","강서구",11500590,"화곡본동",575,673,28,32,98,0.048695652173913,0.0556521739130435,35318,5426,5723,1632
"58",2021,202112,"서울","강서구",11500591,"화곡6동",1501,1792,103,87,291,0.0686209193870753,0.0579613590939374,22609,4124,4091,1313
"59",2021,202112,"서울","강서구",11500593,"화곡8동",464,577,25,22,113,0.0538793103448276,0.0474137931034483,46772,3484,4190,1379
"60",2021,202112,"서울","강서구",11500603,"가양1동",3403,4376,363,192,973,0.106670584778137,0.0564208051719071,7318,8104,8180,431
"61",2021,202112,"서울","강서구",11500605,"가양3동",24,42,1,1,18,0.0416666666666667,0.0416666666666667,30276,1795,2215,42
"62",2021,202112,"서울","강서구",11500611,"발산1동",608,710,20,18,102,0.0328947368421053,0.0296052631578947,12439,3795,4734,753
"63",2021,202112,"서울","강서구",11500615,"우장산동",564,650,35,28,86,0.0620567375886525,0.049645390070922,31713,4643,5326,1127
"64",2021,202112,"서울","강서구",11500620,"공항동",1038,1192,47,42,154,0.0452793834296724,0.0404624277456647,2896,8731,4702,1486
"65",2021,202112,"서울","강서구",11500630,"방화1동",862,1041,58,46,179,0.0672853828306264,0.0533642691415313,29176,5316,6586,1042
"66",2021,202112,"서울","강서구",11500640,"방화2동",566,662,7,16,96,0.0123674911660777,0.0282685512367491,3690,4165,3651,1152
"67",2021,202112,"서울","강서구",11500641,"방화3동",161,240,7,6,79,0.0434782608695652,0.0372670807453416,8990,2709,3241,256
"68",2021,202112,"서울","관악구",11620525,"보라매동",525,638,43,33,113,0.0819047619047619,0.0628571428571429,32787,4141,4095,1137
"69",2021,202112,"서울","관악구",11620545,"청림동",22,22,1,1,0,0.0454545454545455,0.0454545454545455,50713,1864,2265,104
"70",2021,202112,"서울","관악구",11620565,"성현동",91,114,8,6,23,0.0879120879120879,0.0659340659340659,43226,2722,3623,374
"71",2021,202112,"서울","관악구",11620575,"행운동",485,559,42,18,74,0.0865979381443299,0.0371134020618557,40851,6364,6553,1238
"72",2021,202112,"서울","관악구",11620585,"낙성대동",1025,1131,51,40,106,0.0497560975609756,0.0390243902439024,7680,4559,4649,847
"73",2021,202112,"서울","관악구",11620595,"청룡동",2028,2480,94,98,452,0.0463510848126233,0.0483234714003945,30917,8887,8349,1227
"74",2021,202112,"서울","관악구",11620605,"은천동",317,366,21,19,49,0.0662460567823344,0.0599369085173502,43117,4516,5189,1050
"75",2021,202112,"서울","관악구",11620615,"중앙동",536,638,30,24,102,0.0559701492537313,0.0447761194029851,39710,3511,3587,657
"76",2021,202112,"서울","관악구",11620625,"인헌동",514,586,27,28,72,0.0525291828793774,0.0544747081712062,24217,4636,4876,1204
"77",2021,202112,"서울","관악구",11620630,"남현동",293,336,11,19,43,0.037542662116041,0.0648464163822526,5588,3901,4151,835
"78",2021,202112,"서울","관악구",11620645,"서원동",1038,1334,45,33,296,0.0433526011560694,0.0317919075144509,35812,5360,5494,1245
"79",2021,202112,"서울","관악구",11620655,"신원동",552,603,19,25,51,0.0344202898550725,0.0452898550724638,33955,3565,3837,1125
"80",2021,202112,"서울","관악구",11620665,"서림동",599,673,30,30,74,0.0500834724540902,0.0500834724540902,23928,4789,5330,1120
"81",2021,202112,"서울","관악구",11620685,"신사동",833,965,53,43,132,0.063625450180072,0.0516206482593037,38809,4645,4753,1839
"82",2021,202112,"서울","관악구",11620695,"신림동",1799,2291,90,69,492,0.0500277932184547,0.0383546414674819,42830,7367,6736,1070
"83",2021,202112,"서울","관악구",11620715,"난향동",50,59,2,2,9,0.04,0.04,19275,1531,1811,260
"84",2021,202112,"서울","관악구",11620725,"조원동",741,862,48,40,121,0.0647773279352227,0.0539811066126856,28039,3511,3598,1101
"85",2021,202112,"서울","관악구",11620735,"대학동",1602,1888,84,86,286,0.052434456928839,0.0536828963795256,3003,5684,5855,1307
"86",2021,202112,"서울","관악구",11620745,"삼성동",312,328,6,13,16,0.0192307692307692,0.0416666666666667,8286,1678,3207,401
"87",2021,202112,"서울","관악구",11620765,"미성동",578,742,28,24,164,0.0484429065743945,0.041522491349481,22504,3560,4143,1142
"88",2021,202112,"서울","관악구",11620775,"난곡동",469,587,27,24,118,0.0575692963752665,0.0511727078891258,28350,2965,3610,1094
"89",2021,202112,"서울","광진구",11215710,"화양동",3613,4565,215,169,952,0.0595073346249654,0.0467755327982286,22443,6879,6231,1330
"90",2021,202112,"서울","광진구",11215730,"군자동",1377,1672,67,45,295,0.0486564996368918,0.0326797385620915,29054,3587,3831,1177
"91",2021,202112,"서울","광진구",11215740,"중곡1동",520,572,27,18,52,0.0519230769230769,0.0346153846153846,25584,2619,2827,1244
"92",2021,202112,"서울","광진구",11215750,"중곡2동",462,547,25,16,85,0.0541125541125541,0.0346320346320346,39525,3176,3604,1506
"93",2021,202112,"서울","광진구",11215760,"중곡3동",580,689,22,19,109,0.0379310344827586,0.0327586206896552,27262,2281,2737,1239
"94",2021,202112,"서울","광진구",11215770,"중곡4동",541,606,31,25,65,0.0573012939001848,0.0462107208872458,12480,3495,4190,2236
"95",2021,202112,"서울","광진구",11215780,"능동",598,728,33,31,130,0.0551839464882943,0.0518394648829431,10563,2043,2294,1082
"96",2021,202112,"서울","광진구",11215810,"광장동",432,504,11,14,72,0.025462962962963,0.0324074074074074,14575,3468,4183,555
"97",2021,202112,"서울","광진구",11215820,"자양1동",943,1085,48,40,142,0.0509013785790032,0.0424178154825027,40586,3673,4011,1372
"98",2021,202112,"서울","광진구",11215830,"자양2동",618,741,31,23,123,0.0501618122977346,0.0372168284789644,14839,2953,3885,1519
"99",2021,202112,"서울","광진구",11215840,"자양3동",377,422,13,11,45,0.0344827586206897,0.0291777188328912,23608,3285,3924,672
"100",2021,202112,"서울","광진구",11215847,"자양4동",950,1025,33,32,75,0.0347368421052632,0.0336842105263158,18359,3112,2763,1041
"101",2021,202112,"서울","광진구",11215850,"구의1동",1697,2107,78,76,410,0.0459634649381261,0.0447849145550972,39534,3938,4313,1576
"102",2021,202112,"서울","광진구",11215860,"구의2동",136,144,13,3,8,0.0955882352941176,0.0220588235294118,19430,3388,3713,1545
"103",2021,202112,"서울","광진구",11215870,"구의3동",992,1354,47,43,362,0.0473790322580645,0.0433467741935484,28325,3625,4244,898
"104",2021,202112,"서울","구로구",11530510,"신도림동",170,191,2,1,21,0.0117647058823529,0.00588235294117647,24722,4067,4334,277
"105",2021,202112,"서울","구로구",11530530,"구로2동",2454,2693,78,80,239,0.0317848410757946,0.032599837000815,17707,2655,3208,1419
"106",2021,202112,"서울","구로구",11530540,"구로3동",2129,3020,121,108,891,0.0568341944574918,0.0507280413339596,24664,4411,4658,417
"107",2021,202112,"서울","구로구",11530550,"구로4동",1184,1329,54,50,145,0.0456081081081081,0.0422297297297297,51620,2629,3154,246
"108",2021,202112,"서울","구로구",11530560,"구로5동",1971,2544,75,63,573,0.0380517503805175,0.0319634703196347,30895,4675,4884,971
"109",2021,202112,"서울","구로구",11530595,"가리봉동",1177,1260,36,37,83,0.0305862361937128,0.0314358538657604,32728,1687,1788,382
"110",2021,202112,"서울","구로구",11530720,"고척1동",473,736,27,22,263,0.0570824524312896,0.0465116279069767,19532,2297,2987,551
"111",2021,202112,"서울","구로구",11530730,"고척2동",1012,1137,36,31,125,0.0355731225296443,0.0306324110671937,26561,2627,3257,1314
"112",2021,202112,"서울","구로구",11530740,"개봉1동",471,580,25,29,109,0.0530785562632696,0.0615711252653928,26382,3643,4184,1022
"113",2021,202112,"서울","구로구",11530750,"개봉2동",154,225,11,9,71,0.0714285714285714,0.0584415584415584,39143,3068,3909,918
"114",2021,202112,"서울","구로구",11530760,"개봉3동",758,921,30,27,163,0.0395778364116095,0.0356200527704486,25420,2203,2749,1016
"115",2021,202112,"서울","구로구",11530770,"오류1동",610,735,28,21,125,0.0459016393442623,0.0344262295081967,39246,3800,3883,517
"116",2021,202112,"서울","구로구",11530780,"오류2동",459,576,23,14,117,0.0501089324618736,0.0305010893246187,12196,4021,4534,711
"117",2021,202112,"서울","구로구",11530790,"수궁동",442,536,22,20,94,0.0497737556561086,0.0452488687782805,8916,2834,3246,797
"118",2021,202112,"서울","금천구",11545510,"가산동",3379,4638,239,157,1259,0.0707309854986682,0.0464634507250666,10388,6506,5835,795
"119",2021,202112,"서울","금천구",11545610,"독산1동",1621,1931,71,66,310,0.0438001233806292,0.040715607649599,22344,10101,7329,1039
"120",2021,202112,"서울","금천구",11545620,"독산2동",432,545,32,18,113,0.0740740740740741,0.0416666666666667,33625,2315,2495,1176
"121",2021,202112,"서울","금천구",11545630,"독산3동",1298,1442,53,50,144,0.0408320493066256,0.0385208012326656,29995,3308,3553,1435
"122",2021,202112,"서울","금천구",11545640,"독산4동",701,823,42,45,122,0.0599144079885877,0.0641940085592011,28437,1893,2203,1128
"123",2021,202112,"서울","금천구",11545670,"시흥1동",1831,2175,81,66,344,0.0442381212452212,0.0360458765701802,20195,4196,4859,1430
"124",2021,202112,"서울","금천구",11545680,"시흥2동",81,108,3,2,27,0.037037037037037,0.0246913580246914,16945,1932,2392,110
"125",2021,202112,"서울","금천구",11545690,"시흥3동",432,499,17,10,67,0.0393518518518519,0.0231481481481481,10235,1178,1415,620
"126",2021,202112,"서울","금천구",11545700,"시흥4동",331,402,15,11,71,0.0453172205438066,0.0332326283987915,24041,2065,2454,917
"127",2021,202112,"서울","금천구",11545710,"시흥5동",464,624,15,17,160,0.0323275862068966,0.0366379310344828,14183,2169,2512,831
"128",2021,202112,"서울","노원구",11350560,"월계1동",763,994,26,39,231,0.0340760157273919,0.0511140235910878,19172,2843,3560,623
"129",2021,202112,"서울","노원구",11350570,"월계2동",57,67,7,4,10,0.12280701754386,0.0701754385964912,13765,2391,3122,285
"130",2021,202112,"서울","노원구",11350595,"공릉1동",1529,1804,73,62,275,0.0477436232831916,0.0405493786788751,26438,4749,5616,1332
"131",2021,202112,"서울","노원구",11350600,"공릉2동",583,747,35,33,164,0.0600343053173242,0.0566037735849057,6012,6366,5675,758
"132",2021,202112,"서울","노원구",11350611,"하계1동",193,233,13,15,40,0.0673575129533679,0.077720207253886,17443,2725,3509,333
"133",2021,202112,"서울","노원구",11350619,"중계본동",556,843,34,33,287,0.0611510791366906,0.0593525179856115,12187,2535,3288,324
"134",2021,202112,"서울","노원구",11350624,"중계4동",591,748,25,31,157,0.0423011844331641,0.0524534686971235,11750,1793,2404,133
"135",2021,202112,"서울","노원구",11350625,"중계2.3동",309,469,19,21,160,0.0614886731391586,0.0679611650485437,38140,2980,4024,32
"136",2021,202112,"서울","노원구",11350630,"상계1동",981,1236,27,29,255,0.0275229357798165,0.0295616717635066,6810,3849,4459,754
"137",2021,202112,"서울","노원구",11350640,"상계2동",2666,3480,158,159,814,0.059264816204051,0.0596399099774944,33021,2575,2966,692
"138",2021,202112,"서울","노원구",11350665,"상계3.4동",280,303,4,7,23,0.0142857142857143,0.025,5202,2291,2875,603
"139",2021,202112,"서울","노원구",11350670,"상계5동",626,721,49,34,95,0.0782747603833866,0.0543130990415335,23839,2622,3096,394
"140",2021,202112,"서울","노원구",11350695,"상계6.7동",159,249,5,5,90,0.0314465408805031,0.0314465408805031,29526,3917,4781,160
"141",2021,202112,"서울","노원구",11350710,"상계9동",164,242,8,8,78,0.0487804878048781,0.0487804878048781,25344,2318,3000,221
"142",2021,202112,"서울","노원구",11350720,"상계10동",57,70,3,2,13,0.0526315789473684,0.0350877192982456,23414,3657,2556,27
"143",2021,202112,"서울","도봉구",11320511,"창1동",349,427,15,22,78,0.0429799426934097,0.0630372492836676,28213,2911,3427,396
"144",2021,202112,"서울","도봉구",11320512,"창2동",324,363,19,16,39,0.058641975308642,0.0493827160493827,27940,3403,3856,1050
"145",2021,202112,"서울","도봉구",11320513,"창3동",642,699,35,26,57,0.0545171339563863,0.0404984423676012,20781,1607,1925,809
"146",2021,202112,"서울","도봉구",11320514,"창4동",753,988,25,27,235,0.0332005312084993,0.0358565737051793,27982,2691,3389,103
"147",2021,202112,"서울","도봉구",11320515,"창5동",293,398,18,16,105,0.0614334470989761,0.0546075085324232,35299,2827,3321,450
"148",2021,202112,"서울","도봉구",11320521,"도봉1동",1144,1311,31,35,167,0.0270979020979021,0.0305944055944056,2432,2501,2777,1283
"149",2021,202112,"서울","도봉구",11320522,"도봉2동",328,350,10,14,22,0.0304878048780488,0.0426829268292683,32484,3248,3928,359
"150",2021,202112,"서울","도봉구",11320660,"쌍문1동",397,455,16,11,58,0.0403022670025189,0.0277078085642317,17466,2707,2967,881
"151",2021,202112,"서울","도봉구",11320670,"쌍문2동",452,569,32,29,117,0.0707964601769911,0.0641592920353982,34933,2372,2716,773
"152",2021,202112,"서울","도봉구",11320680,"쌍문3동",551,670,20,17,119,0.0362976406533575,0.0308529945553539,33536,2448,2462,823
"153",2021,202112,"서울","도봉구",11320681,"쌍문4동",32,34,2,0,2,0.0625,0,35852,1872,2374,165
"154",2021,202112,"서울","도봉구",11320690,"방학1동",1589,1853,79,74,264,0.0497168030207678,0.0465701699181875,41901,3728,3832,1199
"155",2021,202112,"서울","도봉구",11320700,"방학2동",626,700,30,27,74,0.0479233226837061,0.0431309904153355,26847,2251,2651,1282
"156",2021,202112,"서울","도봉구",11320710,"방학3동",69,106,4,4,37,0.0579710144927536,0.0579710144927536,10347,2329,3057,147
"157",2021,202112,"서울","동대문구",11230536,"용신동",2163,2481,57,77,318,0.0263522884882108,0.0355987055016181,20531,6633,5762,1409
"158",2021,202112,"서울","동대문구",11230545,"제기동",1950,2053,86,62,103,0.0441025641025641,0.0317948717948718,22523,3772,3800,968
"159",2021,202112,"서울","동대문구",11230560,"전농1동",1285,1626,67,60,341,0.0521400778210117,0.0466926070038911,24957,3720,4279,901
"160",2021,202112,"서울","동대문구",11230570,"전농2동",147,176,13,3,29,0.0884353741496599,0.0204081632653061,21949,1584,2056,232
"161",2021,202112,"서울","동대문구",11230600,"답십리1동",594,690,29,20,96,0.0488215488215488,0.0336700336700337,36263,4321,4275,463
"162",2021,202112,"서울","동대문구",11230610,"답십리2동",535,633,27,29,98,0.0504672897196262,0.0542056074766355,33641,3015,3736,449
"163",2021,202112,"서울","동대문구",11230650,"장안1동",1871,2151,91,80,280,0.048637092463923,0.0427578834847675,31035,5083,5251,1325
"164",2021,202112,"서울","동대문구",11230660,"장안2동",1636,2033,72,73,397,0.0440097799511002,0.0446210268948655,30083,3782,4239,1016
"165",2021,202112,"서울","동대문구",11230705,"청량리동",208,236,7,5,28,0.0336538461538462,0.0240384615384615,16067,2058,2747,463
"166",2021,202112,"서울","동대문구",11230710,"회기동",1379,1697,61,60,318,0.0442349528643945,0.0435097897026831,16746,2576,2423,592
"167",2021,202112,"서울","동대문구",11230720,"휘경1동",510,645,13,16,135,0.0254901960784314,0.0313725490196078,25563,3048,2661,457
"168",2021,202112,"서울","동대문구",11230730,"휘경2동",302,358,17,11,56,0.0562913907284768,0.0364238410596026,23664,3869,3898,834
"169",2021,202112,"서울","동대문구",11230740,"이문1동",801,962,22,23,161,0.0274656679151061,0.0287141073657928,20067,3344,3417,730
"170",2021,202112,"서울","동대문구",11230750,"이문2동",29,29,0,1,0,0,0.0344827586206897,29590,2150,2487,293
"171",2021,202112,"서울","동작구",11590510,"노량진1동",1871,2293,49,76,422,0.0261892036344201,0.0406199893105291,20442,5978,6099,443
"172",2021,202112,"서울","동작구",11590520,"노량진2동",384,430,13,18,46,0.0338541666666667,0.046875,18047,2455,4176,140
"173",2021,202112,"서울","동작구",11590530,"상도1동",1150,1550,43,50,400,0.0373913043478261,0.0434782608695652,30123,7057,7950,982
"174",2021,202112,"서울","동작구",11590540,"상도2동",664,820,20,26,156,0.0301204819277108,0.0391566265060241,28941,6402,6072,427
"175",2021,202112,"서울","동작구",11590550,"상도3동",304,379,15,14,75,0.0493421052631579,0.0460526315789474,41410,3707,4054,942
"176",2021,202112,"서울","동작구",11590560,"상도4동",369,458,20,18,89,0.0542005420054201,0.0487804878048781,38552,4226,4493,1175
"177",2021,202112,"서울","동작구",11590605,"흑석동",639,803,12,18,164,0.0187793427230047,0.028169014084507,19817,4118,4677,294
"178",2021,202112,"서울","동작구",11590620,"사당1동",1118,1285,41,34,167,0.0366726296958855,0.0304114490161002,29520,4857,5014,1011
"179",2021,202112,"서울","동작구",11590630,"사당2동",1855,2260,75,86,405,0.0404312668463612,0.0463611859838275,10235,5018,4265,409
"180",2021,202112,"서울","동작구",11590640,"사당3동",159,215,5,6,56,0.0314465408805031,0.0377358490566038,26683,3358,3929,319
"181",2021,202112,"서울","동작구",11590650,"사당4동",437,533,18,16,96,0.0411899313501144,0.0366132723112128,37634,2336,2574,581
"182",2021,202112,"서울","동작구",11590651,"사당5동",55,63,4,3,8,0.0727272727272727,0.0545454545454545,25540,1958,2199,321
"183",2021,202112,"서울","동작구",11590660,"대방동",843,1111,36,33,268,0.0427046263345196,0.0391459074733096,24734,5306,5985,731
"184",2021,202112,"서울","동작구",11590670,"신대방1동",455,529,17,19,74,0.0373626373626374,0.0417582417582418,40321,2747,3192,387
"185",2021,202112,"서울","동작구",11590680,"신대방2동",919,1180,49,40,261,0.0533188248095756,0.043525571273123,20781,4734,3632,510
"186",2021,202112,"서울","마포구",11440555,"아현동",683,758,22,21,75,0.0322108345534407,0.0307467057101025,33797,3558,3994,430
"187",2021,202112,"서울","마포구",11440565,"공덕동",1465,1809,68,60,344,0.0464163822525597,0.0409556313993174,37418,5581,6271,776
"188",2021,202112,"서울","마포구",11440585,"도화동",1036,1233,35,31,197,0.0337837837837838,0.0299227799227799,34502,2766,3161,301
"189",2021,202112,"서울","마포구",11440590,"용강동",1026,1221,59,44,195,0.057504873294347,0.0428849902534113,26236,2845,3021,1114
"190",2021,202112,"서울","마포구",11440600,"대흥동",408,470,32,21,62,0.0784313725490196,0.0514705882352941,18216,3448,3246,780
"191",2021,202112,"서울","마포구",11440610,"염리동",508,623,19,16,115,0.0374015748031496,0.031496062992126,40130,6807,2133,414
"192",2021,202112,"서울","마포구",11440630,"신수동",546,616,26,17,70,0.0476190476190476,0.0311355311355311,29274,3111,3681,875
"193",2021,202112,"서울","마포구",11440655,"서강동",1310,1439,80,56,129,0.0610687022900763,0.0427480916030534,17655,4514,4149,2818
"194",2021,202112,"서울","마포구",11440660,"서교동",11643,13196,576,543,1553,0.0494717856222623,0.0466374645709869,16090,5455,5669,1204
"195",2021,202112,"서울","마포구",11440680,"합정동",2059,2401,91,80,342,0.0441962117532783,0.0388538125303545,10261,2921,3394,741
"196",2021,202112,"서울","마포구",11440690,"망원1동",1426,1515,86,72,89,0.0603085553997195,0.0504908835904628,18010,2874,3514,615
"197",2021,202112,"서울","마포구",11440700,"망원2동",739,898,43,27,159,0.0581867388362652,0.0365358592692828,28006,2387,2737,151
"198",2021,202112,"서울","마포구",11440710,"연남동",605,614,40,20,9,0.0661157024793388,0.0330578512396694,24842,2877,3396,1253
"199",2021,202112,"서울","마포구",11440720,"성산1동",757,837,31,18,80,0.0409511228533686,0.023778071334214,24058,2989,3266,262
"200",2021,202112,"서울","마포구",11440730,"성산2동",548,713,35,25,165,0.0638686131386861,0.0456204379562044,19280,5529,6159,330
"201",2021,202112,"서울","마포구",11440740,"상암동",2184,2787,126,96,603,0.0576923076923077,0.043956043956044,3747,3881,4333,1233
"202",2021,202112,"서울","서대문구",11410520,"천연동",243,300,10,10,57,0.0411522633744856,0.0411522633744856,17896,2126,2555,247
"203",2021,202112,"서울","서대문구",11410555,"북아현동",206,236,5,5,30,0.0242718446601942,0.0242718446601942,35296,2284,2860,270
"204",2021,202112,"서울","서대문구",11410565,"충현동",730,854,37,25,124,0.0506849315068493,0.0342465753424658,18536,2926,3025,876
"205",2021,202112,"서울","서대문구",11410585,"신촌동",5291,6422,206,227,1131,0.0389340389340389,0.0429030429030429,9034,6664,5957,1302
"206",2021,202112,"서울","서대문구",11410615,"연희동",1381,1535,69,48,154,0.0499637943519189,0.0347574221578566,12372,5492,6499,2556
"207",2021,202112,"서울","서대문구",11410620,"홍제1동",653,836,27,28,183,0.0413476263399694,0.0428790199081164,19454,2891,3359,703
"208",2021,202112,"서울","서대문구",11410640,"홍제3동",709,822,32,36,113,0.0451339915373766,0.0507757404795487,19109,1650,1945,516
"209",2021,202112,"서울","서대문구",11410660,"홍은1동",274,328,11,8,54,0.0401459854014599,0.0291970802919708,14515,2604,2736,362
"210",2021,202112,"서울","서대문구",11410685,"홍은2동",674,829,30,20,155,0.0445103857566766,0.029673590504451,13215,3552,3840,1413
"211",2021,202112,"서울","서대문구",11410690,"남가좌1동",254,289,7,8,35,0.0275590551181102,0.031496062992126,30641,1682,2037,75
"212",2021,202112,"서울","서대문구",11410700,"남가좌2동",666,801,30,24,135,0.045045045045045,0.036036036036036,40009,3814,3930,885
"213",2021,202112,"서울","서대문구",11410710,"북가좌1동",99,115,13,5,16,0.131313131313131,0.0505050505050505,32947,1848,2205,353
"214",2021,202112,"서울","서대문구",11410720,"북가좌2동",555,661,33,27,106,0.0594594594594595,0.0486486486486487,37968,3449,4215,1750
"215",2021,202112,"서울","서초구",11650510,"서초1동",3076,3881,144,109,805,0.046814044213264,0.0354356306892068,14585,3727,4169,994
"216",2021,202112,"서울","서초구",11650520,"서초2동",5217,6678,197,238,1461,0.0377611654207399,0.0456200881732797,21448,8616,3855,442
"217",2021,202112,"서울","서초구",11650530,"서초3동",2438,2952,86,81,514,0.0352748154224774,0.0332239540607055,11184,6241,5743,1211
"218",2021,202112,"서울","서초구",11650540,"잠원동",1837,2079,77,79,242,0.0419161676646707,0.0430048992923244,15310,3406,4847,580
"219",2021,202112,"서울","서초구",11650550,"반포본동",140,156,0,10,16,0,0.0714285714285714,1980,751,10467,13
"220",2021,202112,"서울","서초구",11650560,"반포1동",452,518,23,15,66,0.0508849557522124,0.0331858407079646,34815,7591,5451,765
"221",2021,202112,"서울","서초구",11650581,"반포4동",1783,2269,67,61,486,0.0375771172181716,0.03421200224341,13851,2916,3091,675
"222",2021,202112,"서울","서초구",11650590,"방배본동",907,1062,27,25,155,0.0297684674751929,0.0275633958103638,31467,3077,3178,685
"223",2021,202112,"서울","서초구",11650600,"방배1동",849,1148,38,41,299,0.0447585394581861,0.0482921083627797,24257,2827,3185,823
"224",2021,202112,"서울","서초구",11650610,"방배2동",1767,2176,63,73,409,0.0356536502546689,0.0413129598189021,10090,3108,3908,1143
"225",2021,202112,"서울","서초구",11650620,"방배3동",122,145,1,5,23,0.00819672131147541,0.040983606557377,7859,4154,6589,482
"226",2021,202112,"서울","서초구",11650621,"방배4동",924,1040,28,25,116,0.0303030303030303,0.0270562770562771,24303,3682,3884,1042
"227",2021,202112,"서울","서초구",11650651,"양재1동",1508,1731,59,55,223,0.0391246684350133,0.0364721485411141,7536,5236,6664,1319
"228",2021,202112,"서울","서초구",11650652,"양재2동",2305,2784,91,78,479,0.0394793926247288,0.0338394793926247,2921,3675,4203,1621
"229",2021,202112,"서울","서초구",11650660,"내곡동",124,128,5,1,4,0.0403225806451613,0.00806451612903226,1390,2447,2940,320
"230",2021,202112,"서울","성동구",11200520,"왕십리2동",248,291,9,13,43,0.0362903225806452,0.0524193548387097,41022,2154,2597,230
"231",2021,202112,"서울","성동구",11200535,"왕십리도선동",822,912,33,21,90,0.0401459854014599,0.0255474452554745,37375,3813,4313,363
"232",2021,202112,"서울","성동구",11200540,"마장동",646,720,23,13,74,0.0356037151702786,0.0201238390092879,21896,2901,3324,718
"233",2021,202112,"서울","성동구",11200550,"사근동",738,945,22,24,207,0.029810298102981,0.032520325203252,12277,3035,3019,488
"234",2021,202112,"서울","성동구",11200560,"행당1동",1185,1625,61,59,440,0.0514767932489451,0.049789029535865,24056,2148,2253,297
"235",2021,202112,"서울","성동구",11200580,"응봉동",50,58,3,2,8,0.06,0.04,27119,1662,2014,98
"236",2021,202112,"서울","성동구",11200590,"금호1가동",164,199,7,13,35,0.0426829268292683,0.0792682926829268,33293,1619,2047,80
"237",2021,202112,"서울","성동구",11200615,"금호2.3가동",464,549,22,20,85,0.0474137931034483,0.0431034482758621,35795,2534,3065,345
"238",2021,202112,"서울","성동구",11200620,"금호4가동",449,524,25,16,75,0.0556792873051225,0.0356347438752784,17205,1816,2164,137
"239",2021,202112,"서울","성동구",11200645,"옥수동",240,296,8,9,56,0.0333333333333333,0.0375,13561,3486,4043,142
"240",2021,202112,"서울","성동구",11200650,"성수1가1동",681,757,45,26,76,0.066079295154185,0.0381791483113069,8535,3118,3127,592
"241",2021,202112,"서울","성동구",11200660,"성수1가2동",1529,1770,111,65,241,0.0725964682799215,0.0425114453891432,14465,1792,2496,622
"242",2021,202112,"서울","성동구",11200670,"성수2가1동",1520,1651,86,52,131,0.0565789473684211,0.0342105263157895,13914,2120,2724,677
"243",2021,202112,"서울","성동구",11200690,"성수2가3동",1492,1827,102,85,335,0.0683646112600536,0.056970509383378,10665,1850,2261,729
"244",2021,202112,"서울","성동구",11200720,"송정동",219,231,8,8,12,0.0365296803652968,0.0365296803652968,14553,1442,1593,548
"245",2021,202112,"서울","성동구",11200790,"용답동",477,611,19,16,134,0.039832285115304,0.0335429769392034,5441,2069,2081,514
"246",2021,202112,"서울","성북구",11290525,"성북동",440,484,16,19,44,0.0363636363636364,0.0431818181818182,5953,2382,2608,1305
"247",2021,202112,"서울","성북구",11290555,"삼선동",1499,1724,62,50,225,0.0413609072715143,0.0333555703802535,25449,3191,3659,947
"248",2021,202112,"서울","성북구",11290575,"동선동",1911,2382,113,95,471,0.0591313448456306,0.0497121925693354,22075,3447,3472,940
"249",2021,202112,"서울","성북구",11290600,"안암동",1779,2174,84,76,395,0.0472175379426644,0.0427206295671726,12426,3416,3414,871
"250",2021,202112,"서울","성북구",11290610,"보문동",103,125,2,2,22,0.0194174757281553,0.0194174757281553,28154,2282,2541,611
"251",2021,202112,"서울","성북구",11290620,"정릉1동",319,362,13,10,43,0.0407523510971787,0.0313479623824451,41766,2304,2688,223
"252",2021,202112,"서울","성북구",11290630,"정릉2동",247,306,11,11,59,0.0445344129554656,0.0445344129554656,19887,2656,2960,661
"253",2021,202112,"서울","성북구",11290640,"정릉3동",556,644,22,19,88,0.039568345323741,0.0341726618705036,4369,2319,2623,743
"254",2021,202112,"서울","성북구",11290650,"정릉4동",274,337,13,18,63,0.0474452554744526,0.0656934306569343,8090,2622,3131,729
"255",2021,202112,"서울","성북구",11290660,"길음1동",272,316,10,11,44,0.0367647058823529,0.0404411764705882,45082,3395,4182,107
"256",2021,202112,"서울","성북구",11290685,"길음2동",130,154,7,6,24,0.0538461538461538,0.0461538461538462,28931,2504,2752,264
"257",2021,202112,"서울","성북구",11290705,"종암동",791,957,36,30,166,0.04551201011378,0.0379266750948167,27620,4069,4650,1157
"258",2021,202112,"서울","성북구",11290715,"월곡1동",676,776,49,26,100,0.0724852071005917,0.0384615384615385,32747,2528,2855,492
"259",2021,202112,"서울","성북구",11290725,"월곡2동",669,867,35,21,198,0.0523168908819133,0.031390134529148,14629,2807,3149,746
"260",2021,202112,"서울","성북구",11290760,"장위1동",288,326,8,6,38,0.0277777777777778,0.0208333333333333,35016,6741,2490,932
"261",2021,202112,"서울","성북구",11290770,"장위2동",471,526,27,23,55,0.0573248407643312,0.0488322717622081,20825,1927,1842,768
"262",2021,202112,"서울","성북구",11290780,"장위3동",4,4,0,0,0,0,0,24585,2312,3654,283
"263",2021,202112,"서울","성북구",11290810,"석관동",1123,1334,46,42,211,0.0409617097061443,0.03739982190561,20710,4406,4801,1238
"264",2021,202112,"서울","송파구",11710510,"풍납1동",232,286,15,12,54,0.0646551724137931,0.0517241379310345,17469,1415,2313,1315
"265",2021,202112,"서울","송파구",11710531,"거여1동",230,279,10,3,49,0.0434782608695652,0.0130434782608696,24733,1667,2056,732
"266",2021,202112,"서울","송파구",11710532,"거여2동",309,415,12,11,106,0.0388349514563107,0.0355987055016181,35483,2322,2725,242
"267",2021,202112,"서울","송파구",11710540,"마천1동",514,593,19,19,79,0.0369649805447471,0.0369649805447471,32881,2109,2710,1408
"268",2021,202112,"서울","송파구",11710550,"마천2동",496,572,16,10,76,0.032258064516129,0.0201612903225806,21198,2133,2732,1439
"269",2021,202112,"서울","송파구",11710561,"방이1동",1001,1244,43,43,243,0.042957042957043,0.042957042957043,31532,2141,2617,712
"270",2021,202112,"서울","송파구",11710562,"방이2동",2428,2927,105,101,499,0.0432454695222405,0.0415980230642504,33769,6303,6002,1518
"271",2021,202112,"서울","송파구",11710566,"오륜동",2154,2709,104,96,555,0.0482822655524605,0.0445682451253482,5703,1820,2227,151
"272",2021,202112,"서울","송파구",11710570,"오금동",814,941,30,28,127,0.0368550368550369,0.0343980343980344,23427,4937,5996,1427
"273",2021,202112,"서울","송파구",11710580,"송파1동",1815,2130,85,76,315,0.046831955922865,0.0418732782369146,30603,4359,5282,1646
"274",2021,202112,"서울","송파구",11710590,"송파2동",72,87,5,3,15,0.0694444444444444,0.0416666666666667,36383,2344,3833,479
"275",2021,202112,"서울","송파구",11710600,"석촌동",1425,1720,85,63,295,0.0596491228070175,0.0442105263157895,33862,5358,6269,2224
"276",2021,202112,"서울","송파구",11710610,"삼전동",1118,1340,48,36,222,0.0429338103756708,0.0322003577817531,32311,5018,6135,1962
"277",2021,202112,"서울","송파구",11710620,"가락본동",2185,2755,119,105,570,0.0544622425629291,0.0480549199084668,23472,3954,4800,1074
"278",2021,202112,"서울","송파구",11710631,"가락1동",496,524,8,4,28,0.0161290322580645,0.00806451612903226,20422,5806,6542,58
"279",2021,202112,"서울","송파구",11710632,"가락2동",500,619,18,14,119,0.036,0.028,33756,4201,4992,1054
"280",2021,202112,"서울","송파구",11710641,"문정1동",761,926,47,38,165,0.0617608409986859,0.049934296977661,36068,2863,3538,842
"281",2021,202112,"서울","송파구",11710642,"문정2동",2370,3069,199,147,699,0.0839662447257384,0.0620253164556962,13215,6309,6830,54
"282",2021,202112,"서울","송파구",11710646,"장지동",374,453,14,15,79,0.0374331550802139,0.0401069518716578,21674,4416,5128,933
"283",2021,202112,"서울","송파구",11710647,"위례동",18,21,3,3,3,0.166666666666667,0.166666666666667,15375,13142,4566,310
"284",2021,202112,"서울","송파구",11710650,"잠실본동",2974,3734,136,122,760,0.0457296570275723,0.0410221923335575,30254,5321,5841,1892
"285",2021,202112,"서울","송파구",11710690,"잠실4동",58,66,1,0,8,0.0172413793103448,0,13703,2432,2689,13
"286",2021,202112,"서울","송파구",11710710,"잠실6동",1315,1775,37,57,460,0.0281368821292776,0.0433460076045627,6059,2075,2406,43
"287",2021,202112,"서울","양천구",11470510,"목1동",756,994,41,34,238,0.0542328042328042,0.044973544973545,21903,3332,4142,260
"288",2021,202112,"서울","양천구",11470520,"목2동",451,511,20,17,60,0.0443458980044346,0.0376940133037694,29261,4189,4662,1339
"289",2021,202112,"서울","양천구",11470530,"목3동",984,1245,46,41,261,0.0467479674796748,0.0416666666666667,41466,3158,3773,955
"290",2021,202112,"서울","양천구",11470540,"목4동",604,713,35,29,109,0.0579470198675497,0.0480132450331126,44814,2987,3471,1119
"291",2021,202112,"서울","양천구",11470550,"목5동",996,1577,28,43,581,0.0281124497991968,0.0431726907630522,22822,4077,5024,67
"292",2021,202112,"서울","양천구",11470560,"신월1동",1124,1206,56,48,82,0.0498220640569395,0.0427046263345196,31835,2377,2734,1338
"293",2021,202112,"서울","양천구",11470570,"신월2동",274,314,11,14,40,0.0401459854014599,0.0510948905109489,34130,2205,2776,678
"294",2021,202112,"서울","양천구",11470580,"신월3동",383,462,19,15,79,0.0496083550913838,0.0391644908616188,17669,1924,2358,629
"295",2021,202112,"서울","양천구",11470590,"신월4동",466,539,13,14,73,0.0278969957081545,0.0300429184549356,34638,1586,2001,508
"296",2021,202112,"서울","양천구",11470600,"신월5동",329,374,12,16,45,0.0364741641337386,0.0486322188449848,21377,1849,2204,663
"297",2021,202112,"서울","양천구",11470610,"신월6동",173,198,5,6,25,0.0289017341040462,0.0346820809248555,34012,1599,1493,152
"298",2021,202112,"서울","양천구",11470611,"신월7동",469,567,27,22,98,0.0575692963752665,0.046908315565032,16737,2220,2861,721
"299",2021,202112,"서울","양천구",11470620,"신정1동",739,903,39,28,164,0.0527740189445196,0.0378890392422192,29267,2381,2875,223
"300",2021,202112,"서울","양천구",11470630,"신정2동",492,609,33,19,117,0.0670731707317073,0.0386178861788618,37685,2035,2421,300
"301",2021,202112,"서울","양천구",11470640,"신정3동",112,168,7,5,56,0.0625,0.0446428571428571,18375,8459,5231,577
"302",2021,202112,"서울","양천구",11470650,"신정4동",1663,2046,95,76,383,0.0571256764882742,0.0457005411906194,33013,4549,5196,1979
"303",2021,202112,"서울","양천구",11470680,"신정7동",24,24,0,0,0,0,0,24108,3300,4019,129
"304",2021,202112,"서울","영등포구",11560515,"영등포본동",392,501,18,20,109,0.0459183673469388,0.0510204081632653,22698,2899,3027,491
"305",2021,202112,"서울","영등포구",11560535,"영등포동",2976,3694,111,110,718,0.0372983870967742,0.0369623655913979,23731,8085,6648,365
"306",2021,202112,"서울","영등포구",11560540,"여의동",5032,6191,197,156,1159,0.0391494435612083,0.0310015898251192,3979,3837,4579,273
"307",2021,202112,"서울","영등포구",11560550,"당산1동",1929,2249,70,73,320,0.0362882322446864,0.0378434421980301,27531,3591,3940,403
"308",2021,202112,"서울","영등포구",11560560,"당산2동",1195,1540,57,52,345,0.0476987447698745,0.0435146443514644,24459,6580,6517,458
"309",2021,202112,"서울","영등포구",11560585,"도림동",512,669,19,19,157,0.037109375,0.037109375,22276,2632,3007,697
"310",2021,202112,"서울","영등포구",11560605,"문래동",1422,1633,63,43,211,0.0443037974683544,0.030239099859353,22021,3646,4137,328
"311",2021,202112,"서울","영등포구",11560610,"양평1동",421,526,22,18,105,0.0522565320665083,0.0427553444180523,21008,4037,3205,326
"312",2021,202112,"서울","영등포구",11560620,"양평2동",1059,1291,51,44,232,0.0481586402266289,0.0415486307837583,7500,3529,3600,434
"313",2021,202112,"서울","영등포구",11560630,"신길1동",693,794,25,28,101,0.0360750360750361,0.0404040404040404,28417,3389,3296,871
"314",2021,202112,"서울","영등포구",11560650,"신길3동",223,260,19,15,37,0.0852017937219731,0.0672645739910314,33798,2100,2321,506
"315",2021,202112,"서울","영등포구",11560660,"신길4동",122,135,3,5,13,0.0245901639344262,0.040983606557377,34445,1666,1370,211
"316",2021,202112,"서울","영등포구",11560670,"신길5동",250,295,12,15,45,0.048,0.06,24896,1282,1745,664
"317",2021,202112,"서울","영등포구",11560680,"신길6동",426,487,14,19,61,0.0328638497652582,0.0446009389671361,30568,4100,2980,535
"318",2021,202112,"서울","영등포구",11560690,"신길7동",301,367,18,17,66,0.0598006644518272,0.0564784053156146,31497,3420,3698,279
"319",2021,202112,"서울","영등포구",11560700,"대림1동",443,529,23,19,86,0.0519187358916479,0.0428893905191874,34831,1658,1919,1112
"320",2021,202112,"서울","영등포구",11560710,"대림2동",987,1019,55,48,32,0.0557244174265451,0.0486322188449848,33022,1635,2044,1637
"321",2021,202112,"서울","영등포구",11560720,"대림3동",1590,1729,81,71,139,0.0509433962264151,0.0446540880503145,27238,2479,3075,1265
"322",2021,202112,"서울","용산구",11170510,"후암동",744,805,22,25,61,0.0295698924731183,0.0336021505376344,20126,2070,2578,753
"323",2021,202112,"서울","용산구",11170520,"용산2가동",591,623,37,24,32,0.0626057529610829,0.0406091370558376,5497,1227,1536,405
"324",2021,202112,"서울","용산구",11170530,"남영동",1363,1659,44,33,296,0.0322817314746882,0.0242112986060161,6576,1777,1714,265
"325",2021,202112,"서울","용산구",11170555,"청파동",1160,1401,54,40,241,0.046551724137931,0.0344827586206897,22307,3405,3490,922
"326",2021,202112,"서울","용산구",11170560,"원효로1동",465,509,15,14,44,0.032258064516129,0.0301075268817204,28097,3177,3275,434
"327",2021,202112,"서울","용산구",11170570,"원효로2동",853,951,16,26,98,0.018757327080891,0.0304806565064478,19542,1863,2097,273
"328",2021,202112,"서울","용산구",11170580,"효창동",155,171,5,5,16,0.032258064516129,0.032258064516129,23082,1612,1747,343
"329",2021,202112,"서울","용산구",11170590,"용문동",685,796,31,31,111,0.0452554744525547,0.0452554744525547,42804,1634,2019,383
"330",2021,202112,"서울","용산구",11170625,"한강로동",2495,2948,139,103,453,0.0557114228456914,0.0412825651302605,8073,5600,3927,457
"331",2021,202112,"서울","용산구",11170630,"이촌1동",418,470,5,6,52,0.0119617224880383,0.0143540669856459,9312,2574,4575,74
"332",2021,202112,"서울","용산구",11170640,"이촌2동",85,101,2,4,16,0.0235294117647059,0.0470588235294118,6864,1133,1491,59
"333",2021,202112,"서울","용산구",11170650,"이태원1동",4857,5217,227,250,360,0.0467366687255508,0.0514721021206506,14256,1248,1360,455
"334",2021,202112,"서울","용산구",11170660,"이태원2동",882,937,36,37,55,0.0408163265306122,0.0419501133786848,12330,1404,1492,691
"335",2021,202112,"서울","용산구",11170685,"한남동",1829,1999,68,65,170,0.0371787862219792,0.0355385456533625,7622,3144,3593,1272
"336",2021,202112,"서울","용산구",11170690,"서빙고동",235,247,4,4,12,0.0170212765957447,0.0170212765957447,4969,2185,2248,242
"337",2021,202112,"서울","용산구",11170700,"보광동",330,407,8,12,77,0.0242424242424242,0.0363636363636364,20715,1958,2430,406
"338",2021,202112,"서울","은평구",11380510,"녹번동",638,741,23,26,103,0.0360501567398119,0.0407523510971787,20762,5312,5725,1549
"339",2021,202112,"서울","은평구",11380520,"불광1동",416,470,10,13,54,0.0240384615384615,0.03125,12389,4679,5525,971
"340",2021,202112,"서울","은평구",11380530,"불광2동",1250,1420,45,45,170,0.036,0.036,20143,3529,4261,2088
"341",2021,202112,"서울","은평구",11380551,"갈현1동",1647,2031,82,78,384,0.0497874924104432,0.0473588342440801,22760,2581,3741,1691
"342",2021,202112,"서울","은평구",11380552,"갈현2동",872,1076,65,55,204,0.0745412844036697,0.0630733944954128,29736,3600,4118,1645
"343",2021,202112,"서울","은평구",11380560,"구산동",593,683,35,30,90,0.0590219224283305,0.0505902192242833,23525,4241,4363,1475
"344",2021,202112,"서울","은평구",11380570,"대조동",1437,1686,87,65,249,0.0605427974947808,0.0452331245650661,32005,4320,4608,1685
"345",2021,202112,"서울","은평구",11380580,"응암1동",759,970,47,40,211,0.0619235836627141,0.0527009222661397,27739,6364,4239,899
"346",2021,202112,"서울","은평구",11380590,"응암2동",79,91,3,2,12,0.0379746835443038,0.0253164556962025,36035,3553,3322,352
"347",2021,202112,"서울","은평구",11380600,"응암3동",1218,1383,67,51,165,0.055008210180624,0.041871921182266,39106,3250,3832,1208
"348",2021,202112,"서울","은평구",11380625,"역촌동",869,1003,53,35,134,0.0609896432681243,0.0402761795166858,39441,5845,6630,2380
"349",2021,202112,"서울","은평구",11380631,"신사1동",360,461,16,18,101,0.0444444444444444,0.05,32418,3363,3712,1137
"350",2021,202112,"서울","은평구",11380632,"신사2동",286,326,12,10,40,0.041958041958042,0.034965034965035,20330,2395,2819,825
"351",2021,202112,"서울","은평구",11380640,"증산동",494,544,18,16,50,0.0364372469635627,0.0323886639676113,18560,1758,2071,691
"352",2021,202112,"서울","은평구",11380650,"수색동",85,93,0,0,8,0,0,9885,2803,1266,183
"353",2021,202112,"서울","은평구",11380690,"진관동",134,224,14,11,90,0.104477611940299,0.082089552238806,4858,5676,6719,253
"354",2021,202112,"서울","종로구",11110515,"청운효자동",628,646,35,26,18,0.0557324840764331,0.0414012738853503,4738,NA,NA,682
"355",2021,202112,"서울","종로구",11110530,"사직동",3991,4536,135,121,545,0.0338261087446755,0.0303182159859684,7834,NA,NA,358
"356",2021,202112,"서울","종로구",11110540,"삼청동",611,683,17,19,72,0.027823240589198,0.0310965630114566,1838,NA,NA,170
"357",2021,202112,"서울","종로구",11110550,"부암동",330,342,8,9,12,0.0242424242424242,0.0272727272727273,4309,NA,NA,606
"358",2021,202112,"서울","종로구",11110560,"평창동",272,312,7,6,40,0.0257352941176471,0.0220588235294118,2066,NA,NA,1624
"359",2021,202112,"서울","종로구",11110570,"무악동",83,107,4,5,24,0.0481927710843374,0.0602409638554217,23047,NA,NA,45
"360",2021,202112,"서울","종로구",11110580,"교남동",823,1009,21,19,186,0.0255164034021871,0.023086269744836,29151,NA,NA,123
"361",2021,202112,"서울","종로구",11110600,"가회동",924,1082,44,28,158,0.0476190476190476,0.0303030303030303,7767,NA,NA,291
"362",2021,202112,"서울","종로구",11110615,"종로1.2.3.4가동",11612,13527,349,381,1915,0.0300551153978643,0.0328108852910782,3657,NA,NA,577
"363",2021,202112,"서울","종로구",11110630,"종로5.6가동",1561,1784,54,51,223,0.0345932094811019,0.0326713645099295,9127,NA,NA,436
"364",2021,202112,"서울","종로구",11110640,"이화동",670,795,23,29,125,0.0343283582089552,0.0432835820895522,9878,NA,NA,441
"365",2021,202112,"서울","종로구",11110650,"혜화동",2717,3333,83,93,616,0.0305483989694516,0.0342289289657711,16929,NA,NA,902
"366",2021,202112,"서울","종로구",11110670,"창신1동",720,843,27,38,123,0.0375,0.0527777777777778,18165,NA,NA,157
"367",2021,202112,"서울","종로구",11110680,"창신2동",453,490,20,20,37,0.0441501103752759,0.0441501103752759,34812,NA,NA,229
"368",2021,202112,"서울","종로구",11110690,"창신3동",39,47,1,2,8,0.0256410256410256,0.0512820512820513,29274,NA,NA,54
"369",2021,202112,"서울","종로구",11110700,"숭인1동",61,69,4,2,8,0.0655737704918033,0.0327868852459016,26548,NA,NA,166
"370",2021,202112,"서울","종로구",11110710,"숭인2동",476,530,14,14,54,0.0294117647058824,0.0294117647058824,29071,NA,NA,326
"371",2021,202112,"서울","중구",11140520,"소공동",7224,9358,198,250,2134,0.0274086378737542,0.0346068660022148,3544,715,514,150
"372",2021,202112,"서울","중구",11140540,"회현동",1936,2428,54,56,492,0.0278925619834711,0.0289256198347107,6467,697,765,192
"373",2021,202112,"서울","중구",11140550,"명동",4805,6152,105,164,1347,0.0218522372528616,0.0341311134235172,3780,630,576,292
"374",2021,202112,"서울","중구",11140570,"필동",1677,1930,49,54,253,0.0292188431723315,0.0322003577817531,4104,909,855,374
"375",2021,202112,"서울","중구",11140580,"장충동",588,619,14,13,31,0.0238095238095238,0.022108843537415,3898,981,1020,318
"376",2021,202112,"서울","중구",11140590,"광희동",3840,4672,89,132,832,0.0231770833333333,0.034375,8568,1196,1031,276
"377",2021,202112,"서울","중구",11140605,"을지로동",2293,2511,59,48,218,0.0257304840819887,0.0209332751853467,3190,557,567,133
"378",2021,202112,"서울","중구",11140615,"신당동",1350,1580,52,42,230,0.0385185185185185,0.0311111111111111,16536,1612,1549,406
"379",2021,202112,"서울","중구",11140625,"다산동",880,1072,39,32,192,0.0443181818181818,0.0363636363636364,27988,1968,2306,668
"380",2021,202112,"서울","중구",11140635,"약수동",186,214,7,4,28,0.0376344086021505,0.021505376344086,35185,2272,2549,264
"381",2021,202112,"서울","중구",11140645,"청구동",134,176,6,3,42,0.0447761194029851,0.0223880597014925,40641,1522,1885,235
"382",2021,202112,"서울","중구",11140650,"신당5동",628,705,29,21,77,0.0461783439490446,0.0334394904458599,27456,1584,1649,267
"383",2021,202112,"서울","중구",11140665,"동화동",194,230,11,9,36,0.0567010309278351,0.0463917525773196,40127,1058,1349,250
"384",2021,202112,"서울","중구",11140670,"황학동",736,808,29,25,72,0.0394021739130435,0.0339673913043478,40739,2405,2342,347
"385",2021,202112,"서울","중구",11140680,"중림동",541,630,18,19,89,0.033271719038817,0.0351201478743068,25731,1811,2169,122
"386",2021,202112,"서울","중랑구",11260520,"면목2동",1362,1540,61,61,178,0.0447870778267254,0.0447870778267254,31695,2834,3459,1019
"387",2021,202112,"서울","중랑구",11260540,"면목4동",200,213,7,8,13,0.035,0.04,22193,2921,2668,556
"388",2021,202112,"서울","중랑구",11260550,"면목5동",303,348,18,16,45,0.0594059405940594,0.0528052805280528,21281,1936,1660,481
"389",2021,202112,"서울","중랑구",11260565,"면목본동",1121,1280,46,51,159,0.0410347903657449,0.0454950936663693,40700,4615,5452,1191
"390",2021,202112,"서울","중랑구",11260570,"면목7동",715,775,28,26,60,0.0391608391608392,0.0363636363636364,18392,2788,3317,718
"391",2021,202112,"서울","중랑구",11260575,"면목3.8동",1331,1665,67,57,334,0.0503380916604057,0.0428249436513899,15432,3477,4050,853
"392",2021,202112,"서울","중랑구",11260580,"상봉1동",395,474,21,17,79,0.0531645569620253,0.0430379746835443,27489,2874,3567,549
"393",2021,202112,"서울","중랑구",11260590,"상봉2동",1434,1760,69,55,326,0.0481171548117155,0.0383542538354254,31765,4437,4029,913
"394",2021,202112,"서울","중랑구",11260600,"중화1동",268,321,13,14,53,0.0485074626865672,0.0522388059701493,30913,2619,3157,667
"395",2021,202112,"서울","중랑구",11260610,"중화2동",859,1006,35,29,147,0.0407450523864959,0.0337601862630966,25064,3464,3919,919
"396",2021,202112,"서울","중랑구",11260620,"묵1동",321,392,26,13,71,0.0809968847352025,0.0404984423676012,28863,4050,4910,1114
"397",2021,202112,"서울","중랑구",11260630,"묵2동",516,560,27,22,44,0.0523255813953488,0.0426356589147287,28278,2394,2996,882
"398",2021,202112,"서울","중랑구",11260655,"망우본동",993,1125,50,41,132,0.0503524672708963,0.0412890231621349,10716,6452,4428,1110
"399",2021,202112,"서울","중랑구",11260660,"망우3동",151,172,9,9,21,0.0596026490066225,0.0596026490066225,18150,2105,2733,850
"400",2021,202112,"서울","중랑구",11260680,"신내1동",653,825,29,31,172,0.0444104134762634,0.0474732006125574,15097,3719,4709,498
"401",2021,202112,"서울","중랑구",11260690,"신내2동",64,72,0,0,8,0,0,22074,2182,2903,134
